{
  "trajectory": {
    "avg_consistency": 0.10479813793100397,
    "avg_temporal_gap": 1.5978758850478967,
    "max_temporal_gap": 